Type,Owner,CurrencyDesc,Balance,FeeRate,IntThreshold,IntRate,ID
Savings,111,USD,33704.51417412408,0.03,10000.0,0.03,2134123
Checking,222,YEN,2617.25,0.05,0.0,0.0,24352332
Checking,0,USD,391.77,0.01,0.0,0.0,169002
Savings,0,EUR,112.87977756,0.01,10000.0,0.01,13082
Checking,0,EUR,83.0,0.01,0.0,0.0,549139
Checking,8135,USD,0.0,0.01,0.0,0.0,764420
Savings,8135,USD,10.30301,0.01,10000.0,0.01,565853
Checking,9636,EUR,1660.0,0.01,0.0,0.0,11683
