Owner,Loaner,CurrencyDesc,Balance,IntRate,Approved,ID
111,222,USD,75036.51759244999,0.07,1,45234234
111,222,YEN,177156.1,0.1,1,59234095
9636,222,EUR,1340.0956406249998,0.05,1,734857
0,222,EUR,25.8638458640625,0.05,1,662356
8135,222,YEN,120000.0,0.05,0,201475
