Owner,Loaner,CurrencyDesc,Balance,IntRate,Approved,ID
111,222,USD,105242.59761499174,0.07,1,45234234
111,222,YEN,285311.67061100004,0.1,1,59234095
9636,222,EUR,1710.3393581163134,0.05,1,734857
0,222,EUR,33.00954961164485,0.05,1,662356
8135,222,YEN,120000.0,0.05,1,201475
