Owner,Loaner,CurrencyDesc,Balance,IntRate,Approved,ID
111,222,USD,80289.0738239215,0.07,1,45234234
111,222,YEN,194871.71000000002,0.1,1,59234095
9636,222,EUR,1407.1004226562497,0.05,1,734857
0,222,EUR,27.157038157265625,0.05,1,662356
8135,222,YEN,120000.0,0.05,0,201475
