Owner,Loaner,CurrencyDesc,Balance,IntRate,Approved,ID,Collateral
111,222,USD,105242.59761499174,0.07,1,45234234,"My Dog"
111,222,YEN,285311.67061100004,0.1,1,59234095,"My House"
9636,222,EUR,1710.3393581163134,0.05,1,734857,"A vacation to Italy"
0,222,EUR,33.00954961164485,0.05,1,662356,"An old car"
8135,222,YEN,120000.0,0.05,1,201475,"Two trips to Italy"
